{
  "channels": [
    "call_center",
    "direct_mail",
    "display",
    "email",
    "events",
    "ooh",
    "paid_search",
    "radio",
    "social_paid",
    "tv_national",
    "video_youtube"
  ],
  "per_channel": {
    "call_center": {
      "alpha": {
        "mean": 0.3,
        "lo": 0.15,
        "hi": 0.44999999999999996
      },
      "K": {
        "mean": 150050.01966666666,
        "lo": 75025.00983333333,
        "hi": 300100.0393333333
      },
      "beta": {
        "mean": 3841674.2878847094,
        "lo": 3056602.0017376672,
        "hi": 4621667.029344557
      }
    },
    "direct_mail": {
      "alpha": {
        "mean": 0.3,
        "lo": 0.15,
        "hi": 0.44999999999999996
      },
      "K": {
        "mean": 199955.01816666668,
        "lo": 99977.50908333334,
        "hi": 399910.03633333335
      },
      "beta": {
        "mean": 3840490.240211623,
        "lo": 3087366.1211896427,
        "hi": 4600543.490847071
      }
    },
    "display": {
      "alpha": {
        "mean": 0.3,
        "lo": 0.15,
        "hi": 0.44999999999999996
      },
      "K": {
        "mean": 218569.8485,
        "lo": 109284.92425,
        "hi": 437139.697
      },
      "beta": {
        "mean": 3865838.128973801,
        "lo": 3165458.8437832836,
        "hi": 4636074.54124471
      }
    },
    "email": {
      "alpha": {
        "mean": 0.3,
        "lo": 0.15,
        "hi": 0.44999999999999996
      },
      "K": {
        "mean": 92494.445,
        "lo": 46247.2225,
        "hi": 184988.89
      },
      "beta": {
        "mean": 3901479.172955922,
        "lo": 3220624.0775504946,
        "hi": 4631556.257571802
      }
    },
    "events": {
      "alpha": {
        "mean": 0.3,
        "lo": 0.15,
        "hi": 0.44999999999999996
      },
      "K": {
        "mean": 1164982.1596666663,
        "lo": 582491.0798333331,
        "hi": 2329964.3193333326
      },
      "beta": {
        "mean": 3850934.0291008367,
        "lo": 3066604.494104589,
        "hi": 4588668.46276635
      }
    },
    "ooh": {
      "alpha": {
        "mean": 0.3,
        "lo": 0.15,
        "hi": 0.44999999999999996
      },
      "K": {
        "mean": 470732.3886666667,
        "lo": 235366.19433333335,
        "hi": 941464.7773333334
      },
      "beta": {
        "mean": 3856634.719898603,
        "lo": 3098233.5408807495,
        "hi": 4585651.887347253
      }
    },
    "paid_search": {
      "alpha": {
        "mean": 0.3,
        "lo": 0.15,
        "hi": 0.44999999999999996
      },
      "K": {
        "mean": 564951.0253333333,
        "lo": 282475.51266666665,
        "hi": 1129902.0506666666
      },
      "beta": {
        "mean": 3990879.436442336,
        "lo": 3252023.663121572,
        "hi": 4743798.413583386
      }
    },
    "radio": {
      "alpha": {
        "mean": 0.3,
        "lo": 0.15,
        "hi": 0.44999999999999996
      },
      "K": {
        "mean": 386287.9513333334,
        "lo": 193143.9756666667,
        "hi": 772575.9026666668
      },
      "beta": {
        "mean": 3866308.0917623295,
        "lo": 3120328.6666441676,
        "hi": 4613222.987612655
      }
    },
    "social_paid": {
      "alpha": {
        "mean": 0.3,
        "lo": 0.15,
        "hi": 0.44999999999999996
      },
      "K": {
        "mean": 437297.68766666664,
        "lo": 218648.84383333332,
        "hi": 874595.3753333333
      },
      "beta": {
        "mean": 3883278.4554960607,
        "lo": 3152616.7532393383,
        "hi": 4653028.531029803
      }
    },
    "tv_national": {
      "alpha": {
        "mean": 0.3,
        "lo": 0.15,
        "hi": 0.44999999999999996
      },
      "K": {
        "mean": 2124030.7953333333,
        "lo": 1062015.3976666667,
        "hi": 4248061.590666667
      },
      "beta": {
        "mean": 3900046.6342241103,
        "lo": 3166526.9412513035,
        "hi": 4683984.248311053
      }
    },
    "video_youtube": {
      "alpha": {
        "mean": 0.3,
        "lo": 0.15,
        "hi": 0.44999999999999996
      },
      "K": {
        "mean": 265588.87533333333,
        "lo": 132794.43766666666,
        "hi": 531177.7506666667
      },
      "beta": {
        "mean": 3863689.8275695276,
        "lo": 3142693.965687714,
        "hi": 4604969.63587415
      }
    }
  },
  "hill_shape": 1.0,
  "intercept": 28792013.618823566,
  "sigma_obs": 615398.7474386132,
  "diagnostics": {
    "max_rhat": null,
    "converged": true,
    "n_draws": 200,
    "n_chains": 1,
    "method": "bootstrap_ridge",
    "note": "Synthetic summary. Run scripts/fit_mmm.py for real Bayesian MMM."
  }
}